{"tvecs": [[[-2.7266638847134383], [3.5144849843497874], [17.209881570278878]], [[0.8586040691295777], [4.002337259722194], [18.425175360052542]], [[1.3813348343851242], [2.9632091053595366], [20.692931107633157]], [[1.5753301654893552], [2.243939039491557], [20.8453485107405]], [[-2.417901209804151], [2.7815148372663985], [20.004295452896002]], [[-2.287924334768123], [2.7484702128332597], [16.451106907243414]], [[3.8575624700576627], [2.9060822238293493], [16.082680706575076]], [[3.521570034747544], [2.150048053783049], [15.008691269591159]], [[2.3035101165841647], [2.2108944476346606], [22.360823775789918]], [[-1.011753522403069], [3.388264461292815], [21.095558620997856]], [[-2.175531709380651], [3.760068528198977], [21.628361191892562]], [[-6.181811880577276], [1.5388306828913911], [23.131595759673576]], [[-6.0844827596280675], [0.8547715952546767], [22.2900284263749]], [[-3.209918533510085], [1.4981692340601023], [20.509391690071144]]], "mtx": [[1431.7120010192477, 0.0, 676.7857723904008], [0.0, 1427.7372279205813, 467.8008488421384], [0.0, 0.0, 1.0]], "dist": [[-0.08892989509410566, 0.9704926605228366, 0.004192058740107112, 0.001894403829683371, -3.417917474978524]], "rvecs": [[[-0.6137960426248585], [-0.5567717044007477], [-1.499831244371086]], [[-0.5417950678097674], [-0.498302037384501], [-2.184175290089263]], [[0.17040172457672909], [-0.6131061722124852], [-2.7686825198366947]], [[0.5669523265413727], [-0.4899756710444663], [-2.7536918563791275]], [[-0.07901455239006848], [-0.288980784308937], [-1.9675430346553822]], [[-0.6529631009625636], [-0.7068905162143391], [-1.6504119759188172]], [[0.10965670676497859], [0.6791671438259523], [3.033069670020054]], [[-0.131298985064439], [0.10250631250532799], [3.133607441149478]], [[0.042709422925642934], [-0.7174511336343253], [-3.003276348364444]], [[-0.3123590923795274], [-0.38757469989610155], [-2.630608318353227]], [[-0.11836205348052273], [-0.49484315258023026], [-2.415713743535134]], [[-0.2662725354093937], [-0.19555603315096093], [-0.9890797824494072]], [[-0.3063197875666329], [-0.16181242564732576], [-0.9742497930205685]], [[-0.8203257034876643], [-0.07648740005741317], [-1.6075286119985486]]]}